[
  {
    "id": 5,
    "media": [
      {
        "type": "image",
        "url": "https://www.youtube.com/watch?v=UVeBV0xouaU&list=RDGMEMG3m0BcxBmd8gfjPOrZPGKw&index=7"
      },
      {
        "type": "video",
        "url": "https://www.youtube.com/watch?v=UVeBV0xouaU&list=RDGMEMG3m0BcxBmd8gfjPOrZPGKw&index=7"
      }
    ]
  },
  {
    "id": 6,
    "media": [
      {
        "type": "image",
        "url": "https://cdn.discordapp.com/attachments/1429561688994218137/1433713800233615441/image.png?ex=6905b187&is=69046007&hm=b7b5ed9b794794703e3a300609abd9d90aea5d38183acfb9676adb339a4e214b&"
      },
      {
        "type": "video",
        "url": "https://cdn.discordapp.com/attachments/1263290415713484901/1418164473432244256/2025-09-16_21-27-48.mp4?ex=690527d6&is=6903d656&hm=b2a7dcc36b5b4d0fe0ccdd3629d207656e9485b945231694d23d10d524a33ce6&"
      }
    ]
  },
  {
    "id": 7,
    "media": [
      {
        "type": "image",
        "url": "https://cdn.discordapp.com/attachments/1263290415713484901/1413652771441344622/ghaly_logo_3.png?ex=690538bd&is=6903e73d&hm=3e0df6e954bb8bb4539cb52463985103d29dab7ab787007b8df6cbdec001c04b&"
      },
      {
        "type": "image",
        "url": "https://cdn.discordapp.com/attachments/1263290415713484901/1417742680644911194/image.png?ex=69059943&is=690447c3&hm=3f4d5b7fe4f1d67e8720d4cf2bf37420a8c2f3c11d2c02e61c7a0516f407a1af&"
      },
      {
        "type": "video",
        "url": "https://cdn.discordapp.com/attachments/1263290415713484901/1418164473432244256/2025-09-16_21-27-48.mp4?ex=690527d6&is=6903d656&hm=b2a7dcc36b5b4d0fe0ccdd3629d207656e9485b945231694d23d10d524a33ce6&"
      },
      {
        "type": "video",
        "url": "https://cdn.discordapp.com/attachments/1263290415713484901/1374291268712267908/GHALY02.mp4?ex=6905113b&is=6903bfbb&hm=72c8c5c949cb5253a3e62ca4efd98535015cec028dd0137a22faf32d335e9fc0&"
      }
    ]
  },
  {
    "id": 8,
    "media": [
      {
        "type": "image",
        "url": "https://cdn.discordapp.com/attachments/1429561688994218137/1433732131443576995/image.png?ex=6905c299&is=69047119&hm=1c9b11cb8f0d0653a272168463c47aea8d6a2ee19cbcfe4c96896687a2df44bc&"
      },
      {
        "type": "image",
        "url": "https://cdn.discordapp.com/attachments/1429561688994218137/1433717928783511552/image.png?ex=6905b55f&is=690463df&hm=5df8485d8a9e9825b910ccea8c7a31485bb8a94df087926cb3ba8f6f814aa3a4&"
      },
      {
        "type": "video",
        "url": "https://cdn.discordapp.com/attachments/1263290415713484901/1418164473432244256/2025-09-16_21-27-48.mp4?ex=690527d6&is=6903d656&hm=b2a7dcc36b5b4d0fe0ccdd3629d207656e9485b945231694d23d10d524a33ce6&"
      },
      {
        "type": "video",
        "url": "https://cdn.discordapp.com/attachments/1263290415713484901/1372542370658254878/GHALY_01100.mp4?ex=69054bf1&is=6903fa71&hm=afa800b1c4236fe70974d80a5677349745befa2cd20abdb92eb5c310084437b1&"
      }
    ]
  },
  {
    "id": 9,
    "media": [
      {
        "type": "image",
        "url": "https://media.giphy.com/media/v1.Y2lkPTc5MGI3NjExc2hua2MzbDczdzZneWZpd2ZoZGl5MWhqaDhlOWJoenN2a2dqNTF5cCZlcD12MV9naWZzX3RyZW5kaW5nJmN0PWc/YBHJyPCU9h1VewdaPZ/giphy.gif"
      },
      {
        "type": "video",
        "url": "https://media.giphy.com/media/v1.Y2lkPTc5MGI3NjExc2hua2MzbDczdzZneWZpd2ZoZGl5MWhqaDhlOWJoenN2a2dqNTF5cCZlcD12MV9naWZzX3RyZW5kaW5nJmN0PWc/YBHJyPCU9h1VewdaPZ/giphy.gif"
      }
    ]
  },
  {
    "id": 10,
    "media": [
      {
        "type": "image",
        "url": "https://youtu.be/ib5VHm4carY?si=iTLQvMGlsQ92hDpg"
      },
      {
        "type": "video",
        "url": "https://youtu.be/ib5VHm4carY?si=iTLQvMGlsQ92hDpg"
      }
    ]
  },
  {
    "id": 11,
    "media": [
      {
        "type": "image",
        "url": "https://cdn.discordapp.com/attachments/1429561688994218137/1433732131443576995/image.png?ex=6907bcd9&is=69066b59&hm=5f235dc9465009aed64e2fd093d1ba63afba2ccbdcebcddc173fe9614136cb8c&"
      },
      {
        "type": "video",
        "url": "https://www.youtube.com/watch?v=g0b0HWrsfM8&list=RDj_PAq_3OLTE&index=8"
      }
    ]
  }
]